query,addition
social protection,
social safety nets,
social safety net,
social transfers,
social transfer,
social assistance,
child protection,1
domaine social,1
social welfare,1
social security,1
social support,1
social services,1
social service,1
social inclusion,1
social enfance,1
socpro,1
welfare services,1
welfare service,1
protection system,1
protection systems,1
protection sociale,1
protection services,1
protection service,1
protection department,1
protection floor,1
protection floors,1
gewel ,1
